{
  "images" : [
    {
      "filename" : "118-1185551_sunny-day-iphone-5-wallpaper-sunny-day-wallpaper.jpg",
      "idiom" : "universal",
      "scale" : "1x"
    },
    {
      "filename" : "118-1185551_sunny-day-iphone-5-wallpaper-sunny-day-wallpaper-1.jpg",
      "idiom" : "universal",
      "scale" : "2x"
    },
    {
      "filename" : "118-1185551_sunny-day-iphone-5-wallpaper-sunny-day-wallpaper-2.jpg",
      "idiom" : "universal",
      "scale" : "3x"
    }
  ],
  "info" : {
    "author" : "xcode",
    "version" : 1
  }
}
