{
  "images" : [
    {
      "filename" : "iconfinder_Rounded_-_High_Ultra_Colour02_-_Maps_2250024.png",
      "idiom" : "universal",
      "scale" : "1x"
    },
    {
      "filename" : "iconfinder_Rounded_-_High_Ultra_Colour02_-_Maps_2250024-1.png",
      "idiom" : "universal",
      "scale" : "2x"
    },
    {
      "filename" : "iconfinder_Rounded_-_High_Ultra_Colour02_-_Maps_2250024-2.png",
      "idiom" : "universal",
      "scale" : "3x"
    }
  ],
  "info" : {
    "author" : "xcode",
    "version" : 1
  }
}
