{
  "images" : [
    {
      "filename" : "iconfinder_nature-ecology-eco-organic-35_4205379.png",
      "idiom" : "universal",
      "scale" : "1x"
    },
    {
      "filename" : "iconfinder_nature-ecology-eco-organic-35_4205379-1.png",
      "idiom" : "universal",
      "scale" : "2x"
    },
    {
      "filename" : "iconfinder_nature-ecology-eco-organic-35_4205379-2.png",
      "idiom" : "universal",
      "scale" : "3x"
    }
  ],
  "info" : {
    "author" : "xcode",
    "version" : 1
  }
}
